<?xml version="1.0" encoding="utf-8"?>
<annotation>
<folder>images</folder>
<filename>001db8f9-142</filename>
<source>
<database>MyDatabase</database>
<annotation>COCO2017</annotation>
<image>flickr</image>
<flickrid>NULL</flickrid>
<annotator>1</annotator>
</source>
<owner>
<flickrid>NULL</flickrid>
<name>Label Studio</name>
</owner>
<size>
<width>602</width>
<height>559</height>
<depth>3</depth>
</size>
<segmented>0</segmented>
<object>
<name>human</name>
<pose>Unspecified</pose>
<truncated>0</truncated>
<difficult>0</difficult>
<bndbox>
<xmin>125</xmin>
<ymin>150</ymin>
<xmax>271</xmax>
<ymax>438</ymax>
</bndbox>
</object>
</annotation>
