<?xml version="1.0" encoding="utf-8"?>
<annotation>
<folder>images</folder>
<filename>0ede6ff5-130</filename>
<source>
<database>MyDatabase</database>
<annotation>COCO2017</annotation>
<image>flickr</image>
<flickrid>NULL</flickrid>
<annotator>1</annotator>
</source>
<owner>
<flickrid>NULL</flickrid>
<name>Label Studio</name>
</owner>
<size>
<width>646</width>
<height>574</height>
<depth>3</depth>
</size>
<segmented>0</segmented>
<object>
<name>human</name>
<pose>Unspecified</pose>
<truncated>0</truncated>
<difficult>0</difficult>
<bndbox>
<xmin>388</xmin>
<ymin>126</ymin>
<xmax>506</xmax>
<ymax>324</ymax>
</bndbox>
</object>
</annotation>
