<?xml version="1.0" encoding="utf-8"?>
<annotation>
<folder>images</folder>
<filename>0f9a3b1a-219</filename>
<source>
<database>MyDatabase</database>
<annotation>COCO2017</annotation>
<image>flickr</image>
<flickrid>NULL</flickrid>
<annotator>1</annotator>
</source>
<owner>
<flickrid>NULL</flickrid>
<name>Label Studio</name>
</owner>
<size>
<width>509</width>
<height>426</height>
<depth>3</depth>
</size>
<segmented>0</segmented>
<object>
<name>human</name>
<pose>Unspecified</pose>
<truncated>0</truncated>
<difficult>0</difficult>
<bndbox>
<xmin>245</xmin>
<ymin>182</ymin>
<xmax>291</xmax>
<ymax>272</ymax>
</bndbox>
</object>
</annotation>
