<?xml version="1.0" encoding="utf-8"?>
<annotation>
<folder>images</folder>
<filename>0fd1f10a-364</filename>
<source>
<database>MyDatabase</database>
<annotation>COCO2017</annotation>
<image>flickr</image>
<flickrid>NULL</flickrid>
<annotator>1</annotator>
</source>
<owner>
<flickrid>NULL</flickrid>
<name>Label Studio</name>
</owner>
<size>
<width>434</width>
<height>424</height>
<depth>3</depth>
</size>
<segmented>0</segmented>
<object>
<name>human</name>
<pose>Unspecified</pose>
<truncated>0</truncated>
<difficult>0</difficult>
<bndbox>
<xmin>295</xmin>
<ymin>111</ymin>
<xmax>372</xmax>
<ymax>349</ymax>
</bndbox>
</object>
</annotation>
