<?xml version="1.0" encoding="utf-8"?>
<annotation>
<folder>images</folder>
<filename>1a21ec0d-102</filename>
<source>
<database>MyDatabase</database>
<annotation>COCO2017</annotation>
<image>flickr</image>
<flickrid>NULL</flickrid>
<annotator>1</annotator>
</source>
<owner>
<flickrid>NULL</flickrid>
<name>Label Studio</name>
</owner>
<size>
<width>528</width>
<height>564</height>
<depth>3</depth>
</size>
<segmented>0</segmented>
<object>
<name>human</name>
<pose>Unspecified</pose>
<truncated>0</truncated>
<difficult>0</difficult>
<bndbox>
<xmin>97</xmin>
<ymin>161</ymin>
<xmax>181</xmax>
<ymax>399</ymax>
</bndbox>
</object>
</annotation>
