<?xml version="1.0" encoding="utf-8"?>
<annotation>
<folder>images</folder>
<filename>1a7c4316-197</filename>
<source>
<database>MyDatabase</database>
<annotation>COCO2017</annotation>
<image>flickr</image>
<flickrid>NULL</flickrid>
<annotator>1</annotator>
</source>
<owner>
<flickrid>NULL</flickrid>
<name>Label Studio</name>
</owner>
<size>
<width>466</width>
<height>415</height>
<depth>3</depth>
</size>
<segmented>0</segmented>
<object>
<name>human</name>
<pose>Unspecified</pose>
<truncated>0</truncated>
<difficult>0</difficult>
<bndbox>
<xmin>325</xmin>
<ymin>93</ymin>
<xmax>410</xmax>
<ymax>245</ymax>
</bndbox>
</object>
</annotation>
