<?xml version="1.0" encoding="utf-8"?>
<annotation>
<folder>images</folder>
<filename>1e6736a5-209</filename>
<source>
<database>MyDatabase</database>
<annotation>COCO2017</annotation>
<image>flickr</image>
<flickrid>NULL</flickrid>
<annotator>1</annotator>
</source>
<owner>
<flickrid>NULL</flickrid>
<name>Label Studio</name>
</owner>
<size>
<width>256</width>
<height>256</height>
<depth>3</depth>
</size>
<segmented>0</segmented>
<object>
<name>human</name>
<pose>Unspecified</pose>
<truncated>0</truncated>
<difficult>0</difficult>
<bndbox>
<xmin>29</xmin>
<ymin>90</ymin>
<xmax>106</xmax>
<ymax>256</ymax>
</bndbox>
</object>
<object>
<name>human</name>
<pose>Unspecified</pose>
<truncated>0</truncated>
<difficult>0</difficult>
<bndbox>
<xmin>102</xmin>
<ymin>88</ymin>
<xmax>151</xmax>
<ymax>248</ymax>
</bndbox>
</object>
<object>
<name>human</name>
<pose>Unspecified</pose>
<truncated>0</truncated>
<difficult>0</difficult>
<bndbox>
<xmin>155</xmin>
<ymin>83</ymin>
<xmax>238</xmax>
<ymax>256</ymax>
</bndbox>
</object>
</annotation>
