<?xml version="1.0" encoding="utf-8"?>
<annotation>
<folder>images</folder>
<filename>1eb77d39-158</filename>
<source>
<database>MyDatabase</database>
<annotation>COCO2017</annotation>
<image>flickr</image>
<flickrid>NULL</flickrid>
<annotator>1</annotator>
</source>
<owner>
<flickrid>NULL</flickrid>
<name>Label Studio</name>
</owner>
<size>
<width>2992</width>
<height>2992</height>
<depth>3</depth>
</size>
<segmented>0</segmented>
<object>
<name>human</name>
<pose>Unspecified</pose>
<truncated>0</truncated>
<difficult>0</difficult>
<bndbox>
<xmin>2086</xmin>
<ymin>1707</ymin>
<xmax>2744</xmax>
<ymax>2464</ymax>
</bndbox>
</object>
</annotation>
