<?xml version="1.0" encoding="utf-8"?>
<annotation>
<folder>images</folder>
<filename>2a57ac64-106</filename>
<source>
<database>MyDatabase</database>
<annotation>COCO2017</annotation>
<image>flickr</image>
<flickrid>NULL</flickrid>
<annotator>1</annotator>
</source>
<owner>
<flickrid>NULL</flickrid>
<name>Label Studio</name>
</owner>
<size>
<width>544</width>
<height>412</height>
<depth>3</depth>
</size>
<segmented>0</segmented>
<object>
<name>human</name>
<pose>Unspecified</pose>
<truncated>0</truncated>
<difficult>0</difficult>
<bndbox>
<xmin>225</xmin>
<ymin>82</ymin>
<xmax>327</xmax>
<ymax>293</ymax>
</bndbox>
</object>
</annotation>
