<?xml version="1.0" encoding="utf-8"?>
<annotation>
<folder>images</folder>
<filename>2c7db888-101</filename>
<source>
<database>MyDatabase</database>
<annotation>COCO2017</annotation>
<image>flickr</image>
<flickrid>NULL</flickrid>
<annotator>1</annotator>
</source>
<owner>
<flickrid>NULL</flickrid>
<name>Label Studio</name>
</owner>
<size>
<width>766</width>
<height>625</height>
<depth>3</depth>
</size>
<segmented>0</segmented>
<object>
<name>human</name>
<pose>Unspecified</pose>
<truncated>0</truncated>
<difficult>0</difficult>
<bndbox>
<xmin>317</xmin>
<ymin>125</ymin>
<xmax>458</xmax>
<ymax>486</ymax>
</bndbox>
</object>
</annotation>
