<?xml version="1.0" encoding="utf-8"?>
<annotation>
<folder>images</folder>
<filename>2e04c241-69</filename>
<source>
<database>MyDatabase</database>
<annotation>COCO2017</annotation>
<image>flickr</image>
<flickrid>NULL</flickrid>
<annotator>1</annotator>
</source>
<owner>
<flickrid>NULL</flickrid>
<name>Label Studio</name>
</owner>
<size>
<width>395</width>
<height>367</height>
<depth>3</depth>
</size>
<segmented>0</segmented>
<object>
<name>human</name>
<pose>Unspecified</pose>
<truncated>0</truncated>
<difficult>0</difficult>
<bndbox>
<xmin>11</xmin>
<ymin>43</ymin>
<xmax>71</xmax>
<ymax>187</ymax>
</bndbox>
</object>
<object>
<name>human</name>
<pose>Unspecified</pose>
<truncated>0</truncated>
<difficult>0</difficult>
<bndbox>
<xmin>260</xmin>
<ymin>57</ymin>
<xmax>308</xmax>
<ymax>174</ymax>
</bndbox>
</object>
</annotation>
