<?xml version="1.0" encoding="utf-8"?>
<annotation>
<folder>images</folder>
<filename>3aa1c38f-320</filename>
<source>
<database>MyDatabase</database>
<annotation>COCO2017</annotation>
<image>flickr</image>
<flickrid>NULL</flickrid>
<annotator>1</annotator>
</source>
<owner>
<flickrid>NULL</flickrid>
<name>Label Studio</name>
</owner>
<size>
<width>256</width>
<height>256</height>
<depth>3</depth>
</size>
<segmented>0</segmented>
<object>
<name>human</name>
<pose>Unspecified</pose>
<truncated>0</truncated>
<difficult>0</difficult>
<bndbox>
<xmin>169</xmin>
<ymin>46</ymin>
<xmax>199</xmax>
<ymax>125</ymax>
</bndbox>
</object>
<object>
<name>human</name>
<pose>Unspecified</pose>
<truncated>0</truncated>
<difficult>0</difficult>
<bndbox>
<xmin>130</xmin>
<ymin>26</ymin>
<xmax>158</xmax>
<ymax>93</ymax>
</bndbox>
</object>
</annotation>
