<?xml version="1.0" encoding="utf-8"?>
<annotation>
<folder>images</folder>
<filename>3b8b2aa2-386</filename>
<source>
<database>MyDatabase</database>
<annotation>COCO2017</annotation>
<image>flickr</image>
<flickrid>NULL</flickrid>
<annotator>1</annotator>
</source>
<owner>
<flickrid>NULL</flickrid>
<name>Label Studio</name>
</owner>
<size>
<width>563</width>
<height>477</height>
<depth>3</depth>
</size>
<segmented>0</segmented>
<object>
<name>human</name>
<pose>Unspecified</pose>
<truncated>0</truncated>
<difficult>0</difficult>
<bndbox>
<xmin>331</xmin>
<ymin>114</ymin>
<xmax>407</xmax>
<ymax>338</ymax>
</bndbox>
</object>
</annotation>
