<?xml version="1.0" encoding="utf-8"?>
<annotation>
<folder>images</folder>
<filename>3d7f070c-28</filename>
<source>
<database>MyDatabase</database>
<annotation>COCO2017</annotation>
<image>flickr</image>
<flickrid>NULL</flickrid>
<annotator>1</annotator>
</source>
<owner>
<flickrid>NULL</flickrid>
<name>Label Studio</name>
</owner>
<size>
<width>408</width>
<height>371</height>
<depth>3</depth>
</size>
<segmented>0</segmented>
<object>
<name>human</name>
<pose>Unspecified</pose>
<truncated>0</truncated>
<difficult>0</difficult>
<bndbox>
<xmin>80</xmin>
<ymin>72</ymin>
<xmax>144</xmax>
<ymax>232</ymax>
</bndbox>
</object>
<object>
<name>human</name>
<pose>Unspecified</pose>
<truncated>0</truncated>
<difficult>0</difficult>
<bndbox>
<xmin>263</xmin>
<ymin>140</ymin>
<xmax>351</xmax>
<ymax>297</ymax>
</bndbox>
</object>
</annotation>
