<?xml version="1.0" encoding="utf-8"?>
<annotation>
<folder>images</folder>
<filename>3ef916f3-331</filename>
<source>
<database>MyDatabase</database>
<annotation>COCO2017</annotation>
<image>flickr</image>
<flickrid>NULL</flickrid>
<annotator>1</annotator>
</source>
<owner>
<flickrid>NULL</flickrid>
<name>Label Studio</name>
</owner>
<size>
<width>256</width>
<height>256</height>
<depth>3</depth>
</size>
<segmented>0</segmented>
<object>
<name>human</name>
<pose>Unspecified</pose>
<truncated>0</truncated>
<difficult>0</difficult>
<bndbox>
<xmin>159</xmin>
<ymin>79</ymin>
<xmax>211</xmax>
<ymax>187</ymax>
</bndbox>
</object>
<object>
<name>human</name>
<pose>Unspecified</pose>
<truncated>0</truncated>
<difficult>0</difficult>
<bndbox>
<xmin>184</xmin>
<ymin>11</ymin>
<xmax>221</xmax>
<ymax>100</ymax>
</bndbox>
</object>
</annotation>
