<?xml version="1.0" encoding="utf-8"?>
<annotation>
<folder>images</folder>
<filename>3ffdc21f-105</filename>
<source>
<database>MyDatabase</database>
<annotation>COCO2017</annotation>
<image>flickr</image>
<flickrid>NULL</flickrid>
<annotator>1</annotator>
</source>
<owner>
<flickrid>NULL</flickrid>
<name>Label Studio</name>
</owner>
<size>
<width>520</width>
<height>540</height>
<depth>3</depth>
</size>
<segmented>0</segmented>
<object>
<name>human</name>
<pose>Unspecified</pose>
<truncated>0</truncated>
<difficult>0</difficult>
<bndbox>
<xmin>369</xmin>
<ymin>237</ymin>
<xmax>476</xmax>
<ymax>487</ymax>
</bndbox>
</object>
</annotation>
