<?xml version="1.0" encoding="utf-8"?>
<annotation>
<folder>images</folder>
<filename>4ca9fd7d-87</filename>
<source>
<database>MyDatabase</database>
<annotation>COCO2017</annotation>
<image>flickr</image>
<flickrid>NULL</flickrid>
<annotator>1</annotator>
</source>
<owner>
<flickrid>NULL</flickrid>
<name>Label Studio</name>
</owner>
<size>
<width>390</width>
<height>387</height>
<depth>3</depth>
</size>
<segmented>0</segmented>
<object>
<name>human</name>
<pose>Unspecified</pose>
<truncated>0</truncated>
<difficult>0</difficult>
<bndbox>
<xmin>330</xmin>
<ymin>32</ymin>
<xmax>388</xmax>
<ymax>189</ymax>
</bndbox>
</object>
</annotation>
