<?xml version="1.0" encoding="utf-8"?>
<annotation>
<folder>images</folder>
<filename>5ae92d69-76</filename>
<source>
<database>MyDatabase</database>
<annotation>COCO2017</annotation>
<image>flickr</image>
<flickrid>NULL</flickrid>
<annotator>1</annotator>
</source>
<owner>
<flickrid>NULL</flickrid>
<name>Label Studio</name>
</owner>
<size>
<width>665</width>
<height>630</height>
<depth>3</depth>
</size>
<segmented>0</segmented>
<object>
<name>human</name>
<pose>Unspecified</pose>
<truncated>0</truncated>
<difficult>0</difficult>
<bndbox>
<xmin>119</xmin>
<ymin>194</ymin>
<xmax>293</xmax>
<ymax>630</ymax>
</bndbox>
</object>
</annotation>
